{
    "Train Score": 0.16123456852774698,
    "Test Score": 0.14958181695422557,
    "Train MAE": 0.7306700981796647,
    "Test MAE": 0.7913706444208753,
    "Train MSE": 0.8908666488766278,
    "Test MSE": 1.0443892358432736,
    "Train R2": 0.16123456852774698,
    "Test R2": 0.14958181695422557
}