{
    "Train Score": 0.167681527903783,
    "Test Score": 0.12065868144412539,
    "Train MAE": 0.7562007746940176,
    "Test MAE": 0.7186005223602351,
    "Train MSE": 0.9527722784205241,
    "Test MSE": 0.7860337640894717,
    "Train R2": 0.167681527903783,
    "Test R2": 0.12065868144412539
}